cluster_id,name,description,size,total_size,member_clusters,sample_summaries
0,Build LangChain document processing pipelines with web scraping and text splitting,<summary>The work involved implementing LangChain document processing workflows using RecursiveUrlLoader for web scraping and combining loaders with text splitters to build complete data ingestion pipelines. Additional data preprocessing tasks included using pandas to split comma-separated DataFrame values into separate rows for downstream processing.,4,50,"[np.int32(0), np.int32(4), np.int32(6), np.int32(19)]",
1,Build comprehensive LangChain and LangGraph multi-agent applications with RAG and SQL integration,"<summary>
Developers implemented comprehensive LangChain and LangGraph applications spanning conversational AI chatbots with message persistence, RAG systems, and SQL agents for natural language database querying. They built and troubleshot multi-agent workflows and production deployment architectures while learning framework fundamentals and advanced patterns.",7,213,"[np.int32(1), np.int32(3), np.int32(8), np.int32(9), np.int32(11), np.int32(13), np.int32(21)]",
2,Configure LangChain search integrations and optimize retrieval systems,"<summary>
The work involved configuring LangChain's search integration components to connect with various retrieval backends and data sources. Performance optimization techniques were applied to improve retrieval system efficiency, query response times, and search result relevance within the LangChain framework.",1,17,[np.int32(2)],
3,Debug LangChain application integration and pipeline processing errors,"<summary>Developers encountered various technical issues across LangChain applications requiring systematic debugging and troubleshooting. The work involved diagnosing and resolving integration errors, workflow orchestration problems, and pipeline processing failures spanning LangGraph applications, general LangChain configurations, and summary extraction workflows.",3,71,"[np.int32(5), np.int32(18), np.int32(20)]",
4,Set up local LangChain development environment with Ollama integration,"<summary>
The technical work involved setting up local AI model infrastructure using Ollama with LangChain integration and implementing foundational LLM application development patterns. The work included configuring LangChain Runnables with async OpenAI integrations, designing JSON schemas for microservices architecture, and establishing system administration components including cron job scheduling.",6,120,"[np.int32(7), np.int32(10), np.int32(12), np.int32(14), np.int32(16), np.int32(17)]",
5,Implement and troubleshoot LangChain vector store integrations,"<summary>
Developers implemented LangChain vector store integrations to enable semantic search and retrieval capabilities in their applications. They encountered technical challenges during the integration process that required debugging and troubleshooting to resolve compatibility issues, configuration problems, and performance bottlenecks.",1,23,[np.int32(15)],
